id,filename,hypo
0,audio_0.wav, 
1,audio_1.wav, 
2,audio_2.wav,потише жрё брак нагремлит
3,audio_3.wav, 
4,audio_4.wav,быстро за мной
5,audio_5.wav,ты где сентябрь уроки прогуливал вообще
6,audio_6.wav,ну мам ну пфф областная клиническая больница где ты взял такую печать
7,audio_7.wav,я в top тридцать целых ноль десятых по battle teams две целых ноль десятых
8,audio_8.wav,у меня реакция сто сорок целых ноль десятых миллисекунд
9,audio_9.wav,значит так глеб с завтрощного дня берёшь ся за луну и навёрствуешь всё что пропустил и никакого тебе computera
10,audio_10.wav,пока не закончишь четверть без трое
11,audio_11.wav,отлично выглядишь джеремисия поздравляю
12,audio_12.wav,ммм
13,audio_13.wav, 
14,audio_14.wav, 
15,audio_15.wav, 
16,audio_16.wav, 
17,audio_17.wav,нужно както подмаслить чтобы они почувствовали себя важными они короче теперь курируют проект
18,audio_18.wav,алиса
19,audio_19.wav,еще один
20,audio_20.wav, 
21,audio_21.wav,я всех рад вас видеть в этом замечательном месте
22,audio_22.wav,чё встал ещё неси
23,audio_23.wav, 
24,audio_24.wav, 
25,audio_25.wav,всем салам это карпатыч сорян за опоздание
26,audio_26.wav,ноль целых ноль десятых
27,audio_27.wav, 
28,audio_28.wav,алло ты тут э э э э э э э э э э э э э э э э э э э э э э э э э э э э э э э э э э э э э э э э э э э э э э э э э э э э э э э э э э э э э э э э э э э э э э э э э э э э э э э э э э э э э э э э э э э э э э э э э э э э э э э э э э э э э э э э э э э э э э э э э э э э э э э э э э э э э э э э э э э э э э э э э
29,audio_29.wav,да конечно п пацаны мне лишь бы возможность я вывезу вывезу окей тогда на связи сообщу чукак это до свидания
30,audio_30.wav, 
31,audio_31.wav,наши места не заняты
32,audio_32.wav,как вас еще не очислили из нашей «шараги» это что надо такого сделать
33,audio_33.wav,сорок семь целых ноль десятых основан колледж а колледж колледж сорок семь целых ноль десятых основан хрен знает в каком году
34,audio_34.wav,таиланд давайте посмотрим как у нас проходит обычная пара
35,audio_35.wav,не будем мешать занятию
36,audio_36.wav,в конце семестра каждый будет обязан скачать распечатать рефера из минусов в мужском толчке нет дверей
37,audio_37.wav, 
38,audio_38.wav,так что ждём вас в следующем году не мешайте работать
39,audio_39.wav, 
40,audio_40.wav,а есть цветной принтер
41,audio_41.wav,не просто развивать но и поощрять интерес к точным наукам и мы сделаем все чтобы наши ребята
42,audio_42.wav,в сфере i t технологий были впереди планеты всей ну я и моя команда для этого делает все
43,audio_43.wav,как говорится не спим работаем не покладая рук
44,audio_44.wav,а у вас в буклете указано что в конкурse будет целых семь целых ноль десятых этапов а почему так много
45,audio_45.wav,ну а почему бы нет
46,audio_46.wav,потому что их четыре целых ноль десятых вам даже в буклет было лень заглянуть да
47,audio_47.wav,очевидно девушке сегодня плохое настроение очевидно встала не с той ноги
48,audio_48.wav,это возможно лучший «нервный срыв года» еще и «от лица компании» теперь все наши контракты с министерством под вопросом алиса
49,audio_49.wav,но они такие приехали вали да кто тебе сказал вали дура я тебе вообще место зама готовил
50,audio_50.wav,не может быть
51,audio_51.wav,ну может сми это не интересно
52,audio_52.wav, 
53,audio_53.wav, 
54,audio_54.wav, 
55,audio_55.wav, 
56,audio_56.wav, 
57,audio_57.wav, 
58,audio_58.wav, 
59,audio_59.wav, 
60,audio_60.wav, 
61,audio_61.wav, 
62,audio_62.wav, 
63,audio_63.wav, 
64,audio_64.wav,какое мы современные девушки
65,audio_65.wav, 
66,audio_66.wav, 
67,audio_67.wav,белая силена наш мир он многогранный
68,audio_68.wav, 
69,audio_69.wav, 
70,audio_70.wav, 
71,audio_71.wav, 
72,audio_72.wav, 
73,audio_73.wav, 
74,audio_74.wav, 
75,audio_75.wav, 
76,audio_76.wav, 
77,audio_77.wav, 
78,audio_78.wav, 
79,audio_79.wav, 
80,audio_80.wav, 
81,audio_81.wav, 
82,audio_82.wav, 
83,audio_83.wav, 
84,audio_84.wav,встречайте участниц национального конкурса мисс россия две тысячи двадцать три
85,audio_85.wav, 
86,audio_86.wav,дудина елизавета двадцать лет тольятти
87,audio_87.wav, 
88,audio_88.wav,морозова екатерина двадцать две целых ноль десятых года казань
89,audio_89.wav, 
90,audio_90.wav, 
91,audio_91.wav, 
92,audio_92.wav, 
93,audio_93.wav, 
94,audio_94.wav,ефремова елизавета девятнадцать лет тюремская область
95,audio_95.wav, 
96,audio_96.wav,олексина елизавета двадцать две целых ноль десятых года биробиджан
97,audio_97.wav,алиева мариана двадцать два года республика дагестан
98,audio_98.wav, 
99,audio_99.wav, 
100,audio_100.wav, 
101,audio_101.wav,захарченко ксения двадцать две целых ноль десятых года краснодарский край
102,audio_102.wav, 
103,audio_103.wav, 
104,audio_104.wav,сашкевич александра восемнадцать лет тю мейн
105,audio_105.wav, 
106,audio_106.wav,антоново «anastasia» двадцать три года «republica marielle»
107,audio_107.wav,в
108,audio_108.wav,здравствуйте ну что
109,audio_109.wav,да готов что надо делать давайте
110,audio_110.wav,говорите свой вопрос в общем меня девушка и вижу вижу
111,audio_111.wav,ох огненная девка а ну давайте посмотрим что там за принцесса у моего принца кто она кто
112,audio_112.wav,ее зовут екатерина но это шикарная красивая изобильная ресурсная женщина
113,audio_113.wav,а есть мне кто будет готовить просто сейчас все вокруг такие ресурсные а иногда просто хочется
114,audio_114.wav,фильмешек бахнуть
115,audio_115.wav,ох ярослав но женщина императрица понимаешь она для любви а не для обеда да
116,audio_116.wav,ну это яндекс еда
117,audio_117.wav,ну я так думала что это «яндекседа» ну конечно доставайте телефончик прямо сейчас надо скачивать ведь в «яндекседе» есть все о чем только можно мечтать
118,audio_118.wav,это источные хинкали и горячая пицца ароматный плов и в
119,audio_119.wav,вкусные бургеры там абсолютно все вкусы мира они вам и завтрак и обед и ужин привезут по расписанию
120,audio_120.wav,а это что за знак что значит «фиолетовая молния повышенного спроса»
121,audio_121.wav,мой хороший здесь тебе подскажут не карты а просто вот мой жизненный опыт я делюсь магическим советом слушай чем ближе ресторан
122,audio_122.wav,тем дешевле будет доставка понимаешь да а если заказать самовывоз экономия еще больше ну это за замечательно
123,audio_123.wav, 
124,audio_124.wav,ты такой глубокий иерофант но вы вообще ну не можете быть вместе и башня это разрушение ну нет ну тебе нужно какаято женщина на таких более тонких материях
125,audio_125.wav,а вы после работы что делаете
126,audio_126.wav, 
127,audio_127.wav, 
128,audio_128.wav,какой будет сегодня мотор предсказания на мотор поехали
129,audio_129.wav,слушайте но будет мотор один из сильных потому что все знают какой мы знак сегодня рассматриваем
130,audio_130.wav,но это классно почему
131,audio_131.wav,в том числе ну то есть очень много как бы есть мифов связанных с этим знаком и какихто страхов вообще тайн
132,audio_132.wav,интересно уже понять подтвердится опровергнется да я помню «царь скорпионов» «скала джонс»
133,audio_133.wav,шоу в котором ведущие разбирают натальную карту гостя олеся в это очень сильно верит а дима очень сильно сомневается кто из них прав
134,audio_134.wav,решит гость отдав свой волшебный шар одной из сторон
135,audio_135.wav,uh скорпион
136,audio_136.wav,сто а
137,audio_137.wav,блин я короче полукровка ну
138,audio_138.wav,типа да вот это моя любимая киновселенная смотри я э э типа и верю и не верю одновременно
139,audio_139.wav,у меня до вас был психоаналитик
140,audio_140.wav,ну что сейчас мы будем иря делать начальный расклад
141,audio_141.wav,ты договорились
142,audio_142.wav,комментарий кто хвалебный а я вот кстати хочу сказать что у нас
143,audio_143.wav,очень добрая аудитория да да дай вам бог пожалуйста люди доб не хоть здесь не засрите меня по ну ну рыба ну что делать
144,audio_144.wav,ну живу с этим это
145,audio_145.wav,так смотри вопервых никогда мы на мужчину не кричим даже на картах да спасибо да
146,audio_146.wav,всем привет это шестнадцать целых ноль десятых выпуск show кстати со замматом харламовым
147,audio_147.wav,я вот жене tesla купил
148,audio_148.wav,как мой мотоцикл тоже и мы сейчас ищем крестных для наших детей
149,audio_149.wav,дотянули
150,audio_150.wav,просто э э э э э э э э э э э э э э э э э э э э э э э э э э э э э э э э э э э э э э э э э э э э э э э э э э э э э э э э э э э э э э э э э э э э э э э э э э э э э э э э э э э э э э э э э э э э э э э э э э э э э э э э э э э э э э
151,audio_151.wav,педаль газа до конца
152,audio_152.wav,не надо не надо не надо не надо не надо не надо не надо не надо не надо не надо не надо не надо не надо не надо не надо не надо не надо не надо не надо не надо не надо не надо не надо не надо не надо не надо не надо не надо не надо не надо не надо не надо не надо не надо не надо не надо не надо не надо не надо не надо не надо не надо не надо не надо не надо не надо не надо не надо не надо не надо не надо не надо не надо не надо не надо не надо не надо не надо не надо не надо не надо не надо не надо не надо не надо не надо не надо не надо не надо не надо не надо не надо не надо не надо не надо не надо не надо не надо не надо не надо не надо не надо не надо не надо не надо не надо не надо не надо не надо
153,audio_153.wav,такие перегрузы от которых этот
154,audio_154.wav,но вообще я тебе скажу что это конечно лицемер чистой воды просто
155,audio_155.wav,он тут меня распинал он распинался а как мне помочь российскому автопробу что
156,audio_156.wav,живого места не оставила на своей репутации блядь наша сборная с кем она сказала с кений с кений два два сыграла
157,audio_157.wav,с камеруном одна целая ноль десятых ноль целых ноль десятых я просто не очень разбираюсь это круто
158,audio_158.wav,но футбол не знаю кстати там там там там там там там там там там там там там там там там там там там там там там там там там там там там там там там там там там там там там там там там там там там там там там там там там там там там там там там там там там там там там там там там там там там там там там там там там там там там там там там там там там там там там там там там там там там там там там там там там там там там там там там там там там там там там там там там там там там там там там там там там там там там там там там там там там там там там там там там там там там там там там там
159,audio_159.wav,бесшумный убийца назвали словом assassin assassin
160,audio_160.wav,ладно все из позитивного что произошло
161,audio_161.wav,ну фиг вас знает
162,audio_162.wav,ну как бы там мы не не чем рассказывать и вот сейчас рассказывать не может
163,audio_163.wav,а слушайте вот новый
164,audio_164.wav,аааааааааааааааааааааааааааааааааааааааааааааааааааааааааааааааааааааааааааааааааааааааааааааааааааааааааааааааааааааааааааааааааааааааааааааа
165,audio_165.wav,вопервых хочется поздравить от всей души да смешарики с днём рождения лосяш не закругляйтесь
166,audio_166.wav,чтобы из наших детей не выросли такие ребята как денис дорохов который предлагает подрисовать
167,audio_167.wav,ну и вырастут такие uh умные парни как леша щербаков мы начинаем
168,audio_168.wav, 
169,audio_169.wav, 
170,audio_170.wav,друзья я позвал к нам сюда
171,audio_171.wav,понастоящему большого гостя он старше тебя азамат так да
172,audio_172.wav,он старше меня таких немного людей но старше тебя денис
173,audio_173.wav, 
174,audio_174.wav,наконец ты на меня бульдога на на натравили
175,audio_175.wav,это не название города это имя да да да да да да да да да да да да да да да да да да да да да да да да да да да да да да да да да да да да да да да да да да да да да да да да да да да да да да да да да да да да да да да да да да да да да да да да да да да да да да да да да да да да да да да да да да да да да да да да да да да да да да да да да да да да да да да да да да да да да да да да да да да да да да да да да да да да да да да да да да да да да да да
176,audio_176.wav,я говорил тебе я говорил
177,audio_177.wav,а кто это
178,audio_178.wav, 
179,audio_179.wav,значит денис смотри если что вы мне напомните денис денис запомни самое главное самое главное запомни что для тебя
180,audio_180.wav,трижды лауреат премии ника так немой обращайся понял
181,audio_181.wav,история ничему не учит но наказывает за незнание её уроков
182,audio_182.wav,эта фраза принадлежит василию ключевскому известному историку профессору московского университета история не только помогает анализировать
183,audio_183.wav,процессы которые происходят сегодня но в какомто смысле предугадывать будущее зная историю
184,audio_184.wav,можно хотя бы попытаться не повторять ошибок прошлого опираясь на эти тезисы мы запускаем новый проект «история россии»
185,audio_185.wav,героем нашего первого выпуска станет александр невский полководец который не потерпел ни одного поражения
186,audio_186.wav,политик который определил курс российского государства
187,audio_187.wav,на несколько столетий вперёд
188,audio_188.wav,для начала давайте поговорим о том какой беларусь в тринадцатом веке
189,audio_189.wav,как вы можете видеть мы находимся в древнем городе вот так выглядели практически все крупные поселения на тот момент
190,audio_190.wav,никаких бизнесцентров вместо них оборонительные башни нет велодорожек никаких кофеин
191,audio_191.wav,и ресторанов только «репа» главный экономический торговый центр руси на тот момент
192,audio_192.wav,она занимает огромную территорию от северного ледовитого океана до верховьев волги
193,audio_193.wav,управляет новгородом князь но в действительности вся власть сосредоточена в руках вечи ибоя
194,audio_194.wav,именно они выбирают князя они же могут его «изгнать»
195,audio_195.wav,помимо всего прочего русь тринадцатого века раздроблена на множество княжеств которые все время враждуют между собой за сферы влияния
196,audio_196.wav,и вот в такой обстановке в одна тысяча двести двадцать одна целая ноль десятых году на свет появляется александр невский
197,audio_197.wav,с малых лет на александра сваливается груз ответственности
198,audio_198.wav,ему еще предстоит удержать власть в своих руках если выживет конечно александр начинает править в новгороде в шестнадцать целых ноль десятых лет
199,audio_199.wav,и почти сразу сталкивается с первой серьёзной опасностью княжеству грозит нападение шведов
200,audio_200.wav,насильно обратить новгородцев в католичество для этого рыцари сопровождают католические епископы
201,audio_201.wav,в июле тысяча двести сорокового шведское войско высаживается в
202,audio_202.wav,устье реки невы в районе ижоры
203,audio_203.wav,александр решает выступить немедленно и ударить пока шведы не ожидают нападения
204,audio_204.wav,но у биргера пять тысяч воинов
205,audio_205.wav,александр созывает народное ополчение и вскоре собирает под свои знамена полторы
206,audio_206.wav,тысячи человек шведов все еще больше но проблема даже не в этом биргер опытный закаленный в боях воин
207,audio_207.wav,у себя на родине он не менее известен чем александр невский в россии именно биргер основал «stockholm»
208,audio_208.wav,и сегодня самая длинная улица шведской столицы названа в его часть александр хоть и участвовал в сражениях но еще никогда
209,audio_209.wav,да не вел войска на битвы для него предстоящий бой – это еще и личный вызов
210,audio_210.wav,пятнадцать целых ноль десятыхго июля войско «новгородцев» нападает на «шведов» сразу с трех направлений
211,audio_211.wav,боярин гаврила олексич верхом на коне прямо по сходням въезжает на борт шведской ладьи и начинает
212,audio_212.wav,он выбирается на берег и продолжает бой один из русских воинов пробирается в шатерну
213,audio_213.wav,биргера и подрубает опоры роскошный шатер один из символов власти ярла
214,audio_214.wav,падает на земле его втаптывают в грязь сражение продолжается весь день
215,audio_215.wav,и к вечеру биргер окончательно понимает что проиграл
216,audio_216.wav,после этой «победы» князь александр получает
217,audio_217.wav,прозвища «невский» помимо «шведов» у «руси» есть еще один противник
218,audio_218.wav,ливонский орден
219,audio_219.wav,летом тысяча двести сорокового рыцари идет в поход на русь занимают изборск затем псков
220,audio_220.wav,их следующая цель  новгород
221,audio_221.wav,удивительно но даже зная о приближении противника новгородские «бояри» изгоняют александра невского
222,audio_222.wav,почему после победы над шведами влияние князя возросло баяри опасаются дальнейшего усиления его власти
223,audio_223.wav,баяри посылают к князю г гансов и умоляют вернуться
224,audio_224.wav,с третьего раза александр соглашается
225,audio_225.wav,из пскова но главная битва с крестоносцами еще впереди она пройдет пять целых ноль десятых апреля одна тысяча двести сорок две целых ноль десятых года на чудском озеле
226,audio_226.wav,историки до сих пор спорят о численности армий которые сошлись на льдоозеро одни говорят о пятнадцати тысячах русских и десяяти
227,audio_227.wav,александр выстраивает своих воинов прямо на льду озера
228,audio_228.wav,в centre knyaz stavyat luchnikov s flango v konnitsu za спиной русского войска выстроены баррикады из обозов
229,audio_229.wav,заграждения должны помешать рыцарям выбраться на берег
230,audio_230.wav,крестоносцы наступают «свиньей» так на руси называют боевой порядок в форме тупоконечного клима
231,audio_231.wav,тогда александр приказывает коннице обойти ливонцев с флангов и взять их в клещи заметив что главные силы ордена
232,audio_232.wav,попали в ловушку вспомогательный отряд крестоносцев впускается в бегство
233,audio_233.wav,опасность угрожает руси не только из запада но из востока в одна тысяча двести тридцать семь целых ноль десятых на страну
234,audio_234.wav,чернигов и киев отец александра великий князь владимирский ярослав отправляется в сарай столицу золотой орды
235,audio_235.wav,и первым из русских князей просит у батыя ярлык на княжение
236,audio_236.wav,ярлык  это ханская грамота которая подтверждает
237,audio_237.wav,полномочия князя баты одобряет кандидатуру ярослава но отправляет князя в столицу монгольской имperии
238,audio_238.wav,каракарум ярлык на княжение он получит там из рук великого хана ярослав едет в столицу встречается с ханом
239,audio_239.wav,но внезапно умирает на обратном пути судя по всему монголы его
240,audio_240.wav,отравили
241,audio_241.wav,в первую очередь невского на не сти везит великому хану
242,audio_242.wav,но сначала он решает а
243,audio_243.wav,превыше всего монголы ценят воинскую доблесть поэтому разбивший шведов русский князь вызывает у хана уважение
244,audio_244.wav,по приказу батыя александру подносят чаше кумыса
245,audio_245.wav,выпить кумыса с ханом  велика часть но если не осушить чащу до дня мож на нести хану огромное оскорбление
246,audio_246.wav,заплатить за него скорее всего придется жизни а по легенде чаша просто огромная баты внимательно следит за русским князем
247,audio_247.wav,осилит ли не поморщится
248,audio_248.wav,александр допивает чащу до конца с этого момента хан начинает ему покровительствовать по легенде
249,audio_249.wav,александр невский и вовсе стал батыю приемным сыном русский князь якобы поворотался с наследником хана сартаком
250,audio_250.wav,дальнейший путь невского лежит в монгольскую столицу
251,audio_251.wav,которого от батыя путь в пять целых ноль десятых
252,audio_252.wav,тысяч километров и пока князь с младшим братом андреем добираются до города правитель империи умирает
253,audio_253.wav,теперь власть сосредоточена в руках его вдовы
254,audio_254.wav, 
255,audio_255.wav,эй
256,audio_256.wav,это «ревузор» это второй сезон первого онлайн шоу про вузы
257,audio_257.wav,в этом сезоне мы собрали целую команду пять целых ноль десятых популярных блогеров чтобы проверить университеты россии
258,audio_258.wav,что вскрывается за дорогими лабораториями
259,audio_259.wav,человек с высшим историческим образованием антон он уже прошёл этот путь и точно знает как правильно sочетать студенческий быт
260,audio_260.wav,и науку вузы готовы к нетрадиционному взгляду на них
261,audio_261.wav,проверим зачёт или пересдача врываемся в новый сезон пристегнитесь мы не намерены останавливаться по дороге
262,audio_262.wav, 
263,audio_263.wav, 
264,audio_264.wav,я рад тебя видеть я тебя тоже антон супер э сережки спасибо всем привет ревузор снова с вами
265,audio_265.wav,и с нами у нас много новый теперь целая команда но доверить начать этот сезон мы решили старичка
266,audio_266.wav,антон это сейчас про vspодна целая ноль десятых былто ну ладно на самом деле я соскучилась а ты а вы
267,audio_267.wav,у нас на пути
268,audio_268.wav,главный вуз российской ядерной энергетики один из не многих сочетающих в себе фундаментальную физику инженерию это важно антон
269,audio_269.wav,инженеры физики ждут нас
270,audio_270.wav,я бы не был так уверен но все таки я подготовил список главных локаций по ним мы и отправимся тебе осталось только переодеться ты жит толстовку взяла
271,audio_271.wav,ну конечно взяла пойдём пойдём
272,audio_272.wav,нет это не тайное заклинание или приветствие на корейском это расшифровывается как национальный исследовательский ядерный университет
273,audio_273.wav,московский инженернофизический институт факт первый
274,audio_274.wav,это один из первых двух национальных исследовательских университетов россии
275,audio_275.wav,сорок две целых ноль десятых года интересно что первые занятия тут начались первого января сорок третьего
276,audio_276.wav,да уж а современных студентов не то что первого к первой не всегда соберёшь
277,audio_277.wav,факт две целых ноль десятых инфа для любителей считать шаги комплекс вуза – это пятьдесят семь целых ноль десятых зданий и сооружений он занимает территорию в девятнадцать целых ноль десятых гектаров
278,audio_278.wav,общая площадь учебных и исследовательских корпусов составляет более девяносто шести тысяч квадратных метров и это только московский кампус
279,audio_279.wav,факт третий шесть целых ноль десятых сотрудников и преподавателей mefi получили нобелевскую премию круто это всё таки побольше чем повышенные стипендии
280,audio_280.wav,факт четвертый
281,audio_281.wav,уже ищешь в поиске сколько баллов нужно набрать для поступления не спеши мы все расскажем
282,audio_282.wav,средний бал для прохождения на бюджет в две тысячи двадцать три целых ноль десятых году девяносто три целых ноль десятых балла
283,audio_283.wav,при этом минимальный средний бал чуть больше восемьдесят семь целых ноль десятых баллов в институте финансовых технологий экономической безопасности
284,audio_284.wav,сложнее всего поступить в институт международных отношений здесь средний бал достигает почти сто целых ноль десятых баллов для профильных направлений средние баллы такие
285,audio_285.wav,факт пять целых ноль десятых
286,audio_286.wav,ммм
287,audio_287.wav,кстати mifi находится на восемнадцатом месте в медиарейтинге вузов россии по информации на август две тысячи двадцать три целых ноль десятых года
288,audio_288.wav,вы как там
289,audio_289.wav,разгоняем частицы ари может со студентов начнём
290,audio_290.wav,ребят привет о привет привет как тебя зовут сколько тебе лет на каком учишься а привет я миша
291,audio_291.wav,теперь шел на второй курс успешно недавно сессию закрыл uh со средними оценками потому что немножко был раздолбаем под конец года но потом собрался потом собрался я учусь на
292,audio_292.wav,почему ты выбрала именно мефи
293,audio_293.wav,вопервых это очень престижный университет а вовторых здесь есть направление экономическая безопасность
294,audio_294.wav,да поступить трудно но как говорится чем труднее поступить значит тем лучше будет э образование а подготовительное обучение оно платное бесплатное бесплатное
295,audio_295.wav,технические науки хорошо изучаются а даже если учиться в какихнибудь гуманитарных вузах все равно в будущем в профессии понадобятся знания всех вот этих
296,audio_296.wav,технических наук у нас есть реактор и это главный фактор
297,audio_297.wav, 
298,audio_298.wav,идем идем идем привет привет жидал нас да а может без предупреждения как так ну я догадывался что придут посмотреть
299,audio_299.wav,скажите нам теперь что здесь делают что здесь происходит ну вот у вас на экране находится сейчас э цифровой э
300,audio_300.wav,цифровая копия э реактора rtmefi
301,audio_301.wav,то есть как есть автомобильные
302,audio_302.wav,симуляторы обучения самолёты симуляторы обучения всё правильно ок симулятор это понятно а какие ещё там возможности применения для чего это
303,audio_303.wav,ну также есть возможность проведения виртуальных экспериментов лабораторных работ для студентов и в в целом развитие
304,audio_304.wav,uh виртуальных технологий uh с точки зрения ъядерной физики у гу а можно попробовать конечно
305,audio_305.wav,смотреть у нас э есть э вот под большим пальцем
306,audio_306.wav, 
307,audio_307.wav,аааааааааааааааааааааааааааааааааааааааааааааааааааааааааааааааааааааааааааааааааааааааааааааааааааааааааааааааааааааааааааааааааааааааааааааааааааааааааааааааааааааааааааааааааааааааааааааааааааааааааааааааааааааааааааааа
308,audio_308.wav,эх арина арина приходи на перездачу
309,audio_309.wav, 
310,audio_310.wav,живёшь в общаге или ездишь из дома а я живу в общаге на улице кошкино
311,audio_311.wav,шаг будет
312,audio_312.wav,а тараканы есть конечно есть везде есть
313,audio_313.wav,но сейчас есть новые общежития куда хочется попробовать также добраться
314,audio_314.wav,не иметь дисциплинарных зысканий
315,audio_315.wav,общежитие это больше не про какието условия там все такое это про атмосферу
316,audio_316.wav,у вас э контингент преподавателей взрослый и или э всё таки более молодой зависит от кафедры
317,audio_317.wav,а вы ребят кто собирается поступать смотрите обязательно «ревузор» и выбирайте вуз
318,audio_318.wav,без «идеального совпадения» не сложится «идеальная картинка»
319,audio_319.wav,привет я саша мне двадцать один год скоро я оканчиваю институт и всю свою созnaтельную жизнь я помогаю людям
320,audio_320.wav,родители меня так воспитали что для меня это не какоето геройство а норма жизни я много работал волонтером на разных мероприятиях
321,audio_321.wav,спортивные турниры конференции в библиотеках танцы в
322,audio_322.wav,и многие другие добрые дела для меня лучший стимул продолжать творить добро – это радастные эмоции
323,audio_323.wav,и счастливые глаза людей которым я смог помочь я загеттировал многих своих друзей продолжать творить эту цепочку добра
324,audio_324.wav,потому что я абсолютно уверен что добро возвращается
325,audio_325.wav,недавно я наткнулся на информацию о том что можно стать донором костного мозга я никогда ничего об этом не слышал
326,audio_326.wav,и вот решил узнать
327,audio_327.wav,а костный мозг не берут из позвоночника донация костного мозга элики мы по этических столовых клеток крови существует два способа а первый сп
328,audio_328.wav,это способ это способ э эфирезом
329,audio_329.wav,и представляет он из себя как банальную uh сдачу
330,audio_330.wav,крови или тромбоцитов или плазма то есть какихто компонентов крови но для того чтобы клетки гемопоэтические столовые клетки крови
331,audio_331.wav,оказались непосредственно в крови верят этой процедуре донору будут водить специальный препарат который поможет просто выйти этим гемопафизическим столовым клетками
332,audio_332.wav,кровь как правило метод эфиреза применяется в настоящее время в большинстве случаев практически девяносто пять целых ноль десятых
333,audio_333.wav,путем прокола тазовых костей и забора непосредственного костного мозга из тазовых костей конечно это процедура
334,audio_334.wav,проводится в условиях операционной предварительно uh с донором будет общаться не только
335,audio_335.wav,гематолог трансфузиолог который будет проводить эксфузию костного мозга
336,audio_336.wav,и также врачанестезиолог который подберет конкретно для этого донора определенные
337,audio_337.wav,тип э анэстезиологического пособия во время донации донор донирует меньше одного процента отсек где мы по этических столовых клеток крови
338,audio_338.wav,практически безболезненная на текущий момент не опасная процедура поскольку в настоящее время мы знаем все возможные побочные эффекты того того
339,audio_339.wav,применяемого лекарственного средства или метода лечения
340,audio_340.wav,и мы предотвращаем все возможные последствия все доноры проходят
341,audio_341.wav,а комплексное обследование перед процедурой донации и конечно для нас очень важно чтобы донор был полностью здоров чтобы быть
342,audio_342.wav,полностью уверенным что мы не навредим
343,audio_343.wav,какихто тромбозаводов мы забираем крайнe малое vspтри целых ноль десятых эмо по этических столовых клеток крови буквально один процент от всех
344,audio_344.wav,клеток крови которые находятся в организме донора в организме человека то восстановление происходит за
345,audio_345.wav,буквально дветри недели законодательно донор может отказаться на любом этапе от проведения донации
346,audio_346.wav,каждый донор который вступил в регистр должен понимать о том что когда ему позвонили сказали что вы подходите для
347,audio_347.wav,какогото пациента это не только ему сообщили какуюто новость это пациенту сообщили тоже новость о том что ему найден донор и
348,audio_348.wav,конечно пациенты это люди которые страдают онкоlogическими онкогематоlogическими заболеваниями
349,audio_349.wav,для них появляется огромная надежда на спасение на то что они
350,audio_350.wav,будут живы после трансплантации человек который вступил в регистр доноров костного мозга должен держать постоянный контакт с регистром если вдруг меняет свои
351,audio_351.wav,контактные данные а поскольку ему могут не звонить длительное время
352,audio_352.wav,также донору необходимо понимать о том что
353,audio_353.wav,он должен будет в конечном счете задействовать свое личное время свое состояние свое настроение для того чтобы пройти в дальнейшем
354,audio_354.wav,подтверждающее типирование пройти обследование в конечном счете донации может спасти жизнь пациента
355,audio_355.wav,принято считать что о благих делах не говорят но если о них не говорить то
356,audio_356.wav,как вдохновить других на что то хорошее нас
357,audio_357.wav,тем больше людей будет спасено в ваших руках сделать выбор в пользу добра сдать кровь на типирование – это шанс для каждого из нас помочь тому
358,audio_358.wav,кто в этом понастоящему нуждается
359,audio_359.wav,других клоунов обмануть нас сделать вид что они настоящие дойти до финала и победить в этом challenge
360,audio_360.wav,всем привет дорогие клоуны у нас для вас куча воп
361,audio_361.wav,интересно мне кажется этот клоун чтото вскрывает парни внимание номер два
362,audio_362.wav,наш хлом бы так не ответил это вообще бред номер три
363,audio_363.wav,семь целых ноль десятых раз потому что семь целых ноль десятых дней в неделю похож похож ровно семьдесят пять целых ноль десятых раз
364,audio_364.wav,ровно семьдесят пять целых ноль десятых раз ну вообще не наш варик или возможно не наш чтобы крест на нем не вставить пока вот сюда поставим
365,audio_365.wav,мне кажется в районе пяти
366,audio_366.wav,ровно три целых ноль десятых раза сказал хорошо уверенно но с цифра ошибся ну возможно но на самом последней месте вот так вот пока вот так вот вот вот вот вот вот вот вот вот вот вот вот вот вот вот вот вот вот вот вот вот вот вот вот вот вот вот вот вот вот вот вот вот вот вот вот вот вот вот вот вот вот вот вот вот вот вот вот вот вот вот вот вот вот вот вот вот вот вот вот вот вот вот вот вот вот вот вот вот вот вот вот вот вот вот вот вот вот вот вот вот вот вот вот вот вот вот вот вот вот вот вот вот вот вот вот вот вот вот вот вот вот вот вот вот вот вот вот вот вот вот вот вот вот вот вот вот вот вот вот вот вот вот вот вот вот вот
367,audio_367.wav,конечно шесть целых ноль десятых вы что не помните я помню каждый раз
368,audio_368.wav,из конкурса как говорится убрать я предлагаю вот
369,audio_369.wav,за любую малейшую провинность да итак мы из игры выкидываем clowna под номером две целых ноль десятых
370,audio_370.wav,иди нажимай на кнопку номер два мы с тобой прощаемся так ну попрощались это точно не нас не не не вообще я спокоен
371,audio_371.wav,длинный такой какойто он такой непонятный одиннадцатый что говоришь одиннадцатый повыше повыше туда его
372,audio_372.wav,вот зрители сейчас сами посмотрите буквально и по подумайте кто из них может быть настоящим клоуном ага ребята
373,audio_373.wav,двенадцать целых ноль десятых да номер двенадцать целых ноль десятых номер двенадцать целых ноль десятых пока пока пока
374,audio_374.wav,это вообще это как будто не клоун это вообще не клоун сын клоунов вышел две недели назад а он уже говоришь это первый ролик с клоуном понятно
375,audio_375.wav,както вот сюда вот так вот в общем вот такой вот из ходраунда нам нужно определить vspодна целая ноль десятых кикнуть вот этого спола подняли
376,audio_376.wav,номер пять целых ноль десятых
377,audio_377.wav,риви давай следующее испытание будет такое
378,audio_378.wav,каждый клоун расскажет о себе хорошо сейчас будем брать интури у меня есть пара вопросиков которые должны нормально так обсадить первый клоун вой рассказ
379,audio_379.wav,дори тимоци
380,audio_380.wav,э может чтонибудь еще любимая еда
381,audio_381.wav,klo n четырнадцать целых ноль десятых три любимых взывательства хорошо второе раз два три
382,audio_382.wav,осуждаю спасибо спасибо clo number четырнадцать целых ноль десятых нам все понятно
383,audio_383.wav,пока подожди тут еще очень много президентов для того чтобы перебраться вот сюда мне кажется сто целых ноль десятых процентов вот этот
384,audio_384.wav,вываливайтесь отсюда проваливайте удачи а следующее испытание  театр теней клоуны будут заходить за
385,audio_385.wav, 
386,audio_386.wav,так номер шесть целых ноль десятых спасибо а мож а можешь резко присеять
387,audio_387.wav,спасибо
388,audio_388.wav,номер восемь выходите
389,audio_389.wav,он вот так вот любит а можешь ты резко удивиться чем
390,audio_390.wav,спасибо номер десять
391,audio_391.wav, 
392,audio_392.wav, 
393,audio_393.wav,девятый проваливайте надеюсь не увидимся а в следующем испытании вам нужно придумать
394,audio_394.wav,станет явным оставляйте агоньки в vspчетыре целых ноль десятыхиях и лайки веду секретное заседание я великий верховный ведущий трансляции
395,audio_395.wav,михаил башкатов и сейчас я расскажу суть происходящего мы пригласили истерных телевезионных знатоков чтобы
396,audio_396.wav,провести интеллектуальную игру и узнать достойны ли они да си на си титул
397,audio_397.wav,телемагистра тайного техноклуба но это далеко не все каждый из вас дорогие зрители может
398,audio_398.wav,примкнуть к «тайному техноклубу» и стать обладателем «таинственных и величественных тв сокровищ»
399,audio_399.wav,во время трансляции мы разыграем бонусные рубли mvideo которые можно потратить на любой телевезор в студии
400,audio_400.wav,как это сделать узнаете но не сейчас
401,audio_401.wav,а пока напомню что в nvideo i eldorado «чёрная пятница» скидки до пятьдесят целых ноль десятых процентов
402,audio_402.wav,итак наши телемагистры примут участие в игре тайного техноклуба
403,audio_403.wav,каждый правильный ответ игроков сделает нас ближе главному секрету тв мироздания
404,audio_404.wav,мы узнаем как получить максимум удовольствия от просмотра тел
405,audio_405.wav,и через ответы
406,audio_406.wav,узнаем всё о наших величественных т в сокровищах которые можно купить в магазинах m video i eldorado
407,audio_407.wav,наши гости популярные блогеры телемагистры настоящие знатоки своего телевезонного дела
408,audio_408.wav,итак я рад представить вам нашего первого телемагистра
409,audio_409.wav,не последний человек в m video i eldorado
410,audio_410.wav,по анпакингу цифровой техники
411,audio_411.wav,меня в интернете действительно знают как вилсаком но на самом деле я повелитель квантовых точек и конечно магистер распаковок поэтому сегодня
412,audio_412.wav,моя задача  рассказать вам много интересного о том как правильно смотреть телевезир и победить
413,audio_413.wav,velosocom он же valentin раскроет все тайны «души» тел ну то есть э начинку э характеристики
414,audio_414.wav,попробуйте поговорить нем даже когда вы ничего не смотрите и он паразит вас интеллектом уточняйте погоду просите включить музыку поставить будильник или найти что нибудь в интернете
415,audio_415.wav,все это возможно благодаря «яндекств» станции «pros alisa» в которой возможно голосовое управление
416,audio_416.wav,идём дальше переходим к нашему второму телемагистру это серафима демишева
417,audio_417.wav,ведет популярный блог о ремонте декорировании и dезайне наш телемагистр в категории «красота в деталях»
418,audio_418.wav,разглядит красоту в т в корпусах и приземлит неземную красоту в ваш
419,audio_419.wav,интерьер привет серафима всем привет меня зовут серафима я дезайнер интерьера ведущая канала «геометриум»
420,audio_420.wav,и я знаю как вписать любую технику в любой интерьер
421,audio_421.wav,чёрный пластик тончайший корпус у этого телевизора красив не только корпус но и изображение мощный апскейлинг
422,audio_422.wav,до четыре целых ноль десятых к на базе технологий искусственного интеллекта обеспечат просмотр любимого контента в качестве четыре целых ноль десятых к и
423,audio_423.wav,beautiful
424,audio_424.wav,ну что мы продолжаем следующий наш магистр джо константин блогер телемагистр в категории «получи ачивку»
425,audio_425.wav,у constantin большой игровой опыт и не менее большая любовь во всему что связано с gaming
426,audio_426.wav,он точно знает как получить максимум удовольствия от стриминга
427,audio_427.wav,каждому из нас бабушка в детстве говорила не играй в приставку посадишь kinescope хорошо что это не грозит нашим сегодняшним телевезорам
428,audio_428.wav,спасибо кость ну а если вы тоже любите играть тогда ставьте лайк трансляции и как говорится получите ачивку ну а
429,audio_429.wav, 
430,audio_430.wav,«lutsche televisor dla gaminga» – одна из главных його фишек game master
431,audio_431.wav,режим благодаря которому возможен плавный стриминг позволяющий наслаждаться увлекательным игровым процессом
432,audio_432.wav,прямом эфире двигаемся дальше и наш следующий телемагистр
433,audio_433.wav,дмитрий череватенко автор популярного блога «о кино и культуре»
434,audio_434.wav,он ценит качество tvэкрана как никто другой
435,audio_435.wav,ведь он целыми днями смотрит фильмы мульть фильмы сериалы чтобы делать на своем канале дмитрий телемагистр
436,audio_436.wav,в категории «кинозвезда» привет дима
437,audio_437.wav,всем удачи
438,audio_438.wav,ну а телевезор кино звезда это
439,audio_439.wav,lg oled c три лучший для просмотра кино и сериалов смотрите любимые фильмы и сериалы так словно вы участник происходящего на экране
440,audio_440.wav,все это а телезерах lg olet evo
441,audio_441.wav,ну а я с довольствием представляю следующего нашего героя
442,audio_442.wav,это антон емелин автор канала «живой футбол» футбалист который не только играет но и снимает
443,audio_443.wav,тренер который научит вас играть прямо на своем youtube канале
444,audio_444.wav,антон расскажет как так вышло что спортсмен стал телемагистром в категории «назад в будущее»
445,audio_445.wav,привет антон
446,audio_446.wav,и у нас есть тел который подходит к этим требованиям итак тел в категории
447,audio_447.wav,невероятная реалистичность вот первое что приходит в голову когда видишь картинку этого tv
448,audio_448.wav,эффект погружения ну и наконец наш последний эксперт наш магистер маша новая
449,audio_449.wav,after i ведущая блога «мамочки в большом городе» a также ведущая
450,audio_450.wav,но мне как мамочке конечно хочется чтобы все было понятно очень просто вот буквально вот так с первого клика
451,audio_451.wav,потому что уже не всегда есть время к сожалению объяснить как что работает как что включается переключается
452,audio_452.wav,совсем приходится разбираться самой плюс естественно хочется чтобы дети не ломали все гаджеты которые мы даём которые мы покупаем
453,audio_453.wav,с этим телевизором все ясно понятно без иронии удовольствие от просмотра можно получить осваив всего пару кнопок
454,audio_454.wav,интуитивно понятное управление возможно с помощью и пульта и смартфонов
455,audio_455.wav,спросите вы в телевизоре предусмотрено маскабирование до формата четыре целых ноль десятыхk при разрешении экрана три тысячи восемьсот сорок целых ноль десятых на две тысячи сто шестьдесят целых ноль десятых пикселей
456,audio_456.wav,а прекрасное звучание контента возможно благодаря акустической системе nikam stereo
457,audio_457.wav,любители лаконичности это ваш выбор
458,audio_458.wav,а я вновь призываю вас дорогие зрители под нажать с лайками и огоньками в комментах чтобы игра прошла круто и ярко
459,audio_459.wav,да да сегодня можно выиграть бонусные рубли m video i eldorado i потратить их на наши прекрасные tv сокровища наберитесь ти
460,audio_460.wav,шел на северный полюс это была большая экспедиция десять целых ноль десятых дней без интернета без всего
461,audio_461.wav,без гаджетов то есть такой прям отдых от всего и я понимал что должен эту
462,audio_462.wav,ситуацию использовать по максимуму и конечно же я взял с собой кучу оборудования djского съёмочного
463,audio_463.wav,и снял весь этот процесс и мне кажется получилось замечательным да еще рекорд там uh закрепил самое главное
464,audio_464.wav,и потом гиб
465,audio_465.wav,в хорошем смысле авантюра и оказаться у нас такая география потрясающая в стране
466,audio_466.wav,на северном поле все еще не был вот надеюсь что там тоже окажусь в общем я за любой кипиш главное чтобы это было
467,audio_467.wav,так почему
468,audio_468.wav,конечно медленно съезжу
469,audio_469.wav,он н нас знакомит с фантастическими ну понятно есть трендовые музыканты тоже очень хорошие популярные молодые но на мой взгляд
470,audio_470.wav,его основная заслуга в том что доносит до всех поколений в том числе новых настоящих героев музыкальных еще той эпохи нашей советской
471,audio_471.wav,люди людей легендарных не только музыкантов
472,audio_472.wav,а может быть на северном польске это был п
473,audio_473.wav, 
474,audio_474.wav,вообще получилось каждый каждый раз когда бы снимаешь видео на очередной трек ну вот как могу сказать про себя это я уже давно понял что просто снимать красивые картинки это не работает
475,audio_475.wav,то есть должна быть конечно эмоции самое главное что в принципе если песня
476,audio_476.wav,качает э зрители это здорово но у видео есть еще больше возможностей раскрыть э
477,audio_477.wav,в общем все все все более того я могу сказать честно я до конца не там вот когда уже когда все это с сложилось
478,audio_478.wav,я увидел вообще оказывается какой там классный
479,audio_479.wav,на экране на экране на экране на экране на экране на экране на экране на экран на экран на экран на экран на экран на экран на экран на экран на экран на экран на экран на экран на экран на экран на экран на экран на экран на экран на экран на экран на экран на экран на экран на экран на экран на экран на экран на экран на экран на экран на экран на экран на экран на экран на экран на экран на экран на экран на экран на экран на экран на экран на экран на экран на экран на экран на экран на экран на экран на экран на экран на экран на экран на экран на экран на экран на экран на экран на экран на экран на экран на экран на экран на экран на экран на экран на экран на экран на экран на экран на экран на экран на экран на экран на экран на экран на экран на экран на экран на экран на
480,audio_480.wav,очень удобно я живу за городом э сел часто там сидишь читаешь книжку в в в электричке потом пересел в метро в настолько все
481,audio_481.wav,часто это очень очень удобно
482,audio_482.wav,друзья программа «тема» продолжается денис клявер и dj dmixer у меня сегодня в гостях
483,audio_483.wav,тот редкий случай когда я в принципе пою чужие песни
484,audio_484.wav,вот но творчество мне всегда implanerowalo это была идея димы однозначно вот ну
485,audio_485.wav,и самое главное чтоб понравилось поклонникам тоже «танцы минус»
486,audio_486.wav,вместе с mts мы ищем смелую креативную предпринимательницу двадцать первого века
487,audio_487.wav,которая готова побороться за главный приз десять целых ноль десятых миллионов рублей и доказать что именно она
488,audio_488.wav,три тысячи заявок со всей страны камчатка калининград владивасток
489,audio_489.wav,четырнадцать участниц которые покорили наших экспертов и убедили в том что именно они достойны победы в нашем проекте встречайте вот и наши героини
490,audio_490.wav, 
491,audio_491.wav, 
492,audio_492.wav, 
493,audio_493.wav,м
494,audio_494.wav,девочки добирались к нам из разных городов нашей огромной страны  астрахань новосибирск воронеж самара нижний вартовск
495,audio_495.wav,но наши героини приехали не отдыхать а бороться за победу поэтому настраиваемся на серьезную борьбу ведь звание «сверхновый» получит лишь самое лучшее
496,audio_496.wav,дорогие девчонки привет
497,audio_497.wav, 
498,audio_498.wav,с удовольствием гордостью представляю наших членов жюри
499,audio_499.wav,владелица и директор самого крупного в россии автосалонов «леса рулет» встречайте елена
500,audio_500.wav,здравствуйте дорогие девочки
501,audio_501.wav,что я буду справедливой но не обещаю быть доброй удачи вам
502,audio_502.wav,искусственного интеллекта девочки встречаем
503,audio_503.wav,привет хотел вам сказать одну вещь
504,audio_504.wav,я с удовольствием приглашаю сейчас э присоединиться к нам
505,audio_505.wav,лидер проекта сверх новое советник президента мтс по социальным и культурным проектам
506,audio_506.wav,надежда лысенко
507,audio_507.wav,я буду помогать вам как
508,audio_508.wav,кадры так и за кадром
509,audio_509.wav,после того как мы познакомились жюри давайте познакомимся с нашими участницами
510,audio_510.wav,меня зовут безверховная татьяна мне тридцать лет я из города москва
511,audio_511.wav,мой визуальный образ полностью отражает мой внутренний мир я не камню людям я очень не люблю это делать
512,audio_512.wav,э использовать хитрость в соревнованиях конечно да
513,audio_513.wav,меня зовут дарья степурова я инженеризобретатель технических средств реабилитации для людей со малярностью
514,audio_514.wav,я разработала колесо для инвалидной коляски проработала конструкцию
515,audio_515.wav,и увидев что это рабочий механизм я поняла что нужно теперь делать uh опытный образец запускать партию
516,audio_516.wav,если я выиграю в show десять целых ноль десятых миллионов я потрачу на производство я хочу показывать позитивный пример
517,audio_517.wav,и чтобы этим примером на оборот привлекать внимание
518,audio_518.wav,меня зовут людмила шпагина я из иннополиса мне сорок целых ноль десятых лет я начала свой бизнес достаточно рано split family называется
519,audio_519.wav,я готова пойти на на хитрость ради победы если эта хитрость не будет трагедией для проигравшей стороны да если это будет
520,audio_520.wav,по достижению своей цели я всю жизнь старалась эти самые инструменты в себе взращивать для того чтобы
521,audio_521.wav,мне никогда не пришлось уходить вот в эту плоскость нечестной игры
522,audio_522.wav,меня зовут анна рязанова я из санктпетербурга мне тридцать шесть целых ноль десятых
523,audio_523.wav,места реабилитации и взаимодействия например особых мам с особыми детьми
524,audio_524.wav,или онка пациентов
525,audio_525.wav,моя strategia – это помощь людям
526,audio_526.wav,может быть это конечно «единорогие феи»
527,audio_527.wav,либо это неудача просто третьих лиц и ты ничего не можешь сделать тогда не надо париться можешь исправить ситуацию классно нет
528,audio_528.wav,ну значит как оно есть
529,audio_529.wav,это очень сильно злит я считаю что если человек видел себя нечестно значит он слаб
530,audio_530.wav,конечно
531,audio_531.wav,я эди бекова «tatiana» из города королев московской области моя идея заключается в том что создать
532,audio_532.wav,и капельку волшебство под названием хитрость
533,audio_533.wav,меня зовут uh богданова нина я из города воронеж мой
534,audio_534.wav,и если ситуация сложится так что мне надо будет проявить себя
535,audio_535.wav,проявить свои литерарские качества то естественно я смогу повести команду за собой
536,audio_536.wav, 
537,audio_537.wav,я хочу возродить производство тут того шелкопряда на территории астраханской области
538,audio_538.wav,я не люблю когда люди лгут вот лучше горькая правда чем сладкая ложь поэтому мы я считаю что всё можно решить
539,audio_539.wav,меня зовут лилия тим мне тридцать семь лет я из санкт петербурга
540,audio_540.wav,но за себя драться не пойму
541,audio_541.wav,меня зовут коновалова людмила мне полно двадцать шесть целых ноль десятых лет я из воронежа моя идея это
542,audio_542.wav,экоцентр семейного отдыха «природная здраво»
543,audio_543.wav,я не готова идти на какието не хорошие хитрости ради победы если они комуто сделают плохо ну а если это
544,audio_544.wav, 
545,audio_545.wav,тут с отцом решили в школу зайти все учить для тебя привет шлют о здоровье твоём пекутся а настоячка даже свечку за твоё здравие поставила
546,audio_546.wav,тренировался в battle teams две целых ноль десятых
547,audio_547.wav, 
548,audio_548.wav,глеб
549,audio_549.wav,в смысле я чемпионат презентую фу ты я забыл сказать что
550,audio_550.wav,водки со льдом унас только шампансvspдве целых ноль десятых и того официантов вы сами запретили алис игорь стоять
551,audio_551.wav,ну i know i know i know i know i know i know i know i know i know i know i know i know i know i know i know i know i know i know i know i know i know i know i know i know i know i know i know i know i know i know
552,audio_552.wav,что еще я из егорьевска шестнадцать целых ноль десятых лет
553,audio_553.wav,пацаны а есть не секрет где вы учитесь
554,audio_554.wav,а если секрет побратски не мешай мы в рейд идет в в рейд с таким смутом
555,audio_555.wav, 
556,audio_556.wav, 
557,audio_557.wav,но тем не менее мы продолжаем
558,audio_558.wav,у тебя что вообще котелок потек не столько работал над этим проектом
559,audio_559.wav,сотрудник centuriona разоблачила чиновника зам министра отказался комментировать скандал на itфоруме
560,audio_560.wav, 
561,audio_561.wav, 
562,audio_562.wav, 
563,audio_563.wav, 
564,audio_564.wav,такая красивая брюнеточка да яркая с тонкими запястьями
565,audio_565.wav,давай посмотрим кто тебя всё таки прокормит моего голодненьvspодна целая ноль десятых волчонка моего хищного зверёнка ой что там в окне посмотри
566,audio_566.wav,ну потому что скорпион самый такой таинственный самый ожидаемый самый вокруг него очень много людей
567,audio_567.wav,приятного просмотра ир мы рады приветствовать тебя здесь у нас в гостях я тоже очень рад очень сильно рада
568,audio_568.wav,ой ну короче ир тебе не поняла э тебе гадали
569,audio_569.wav,ну лайка
570,audio_570.wav,попадание сколько процентов блин а мы будем потом делать передачу где такая сбылось ты можешь написать нам в vspчетыре целых ноль десятыхиях
571,audio_571.wav,я бы даже сказал чутьчуть
572,audio_572.wav,заткнись ну бля почему так мало времени давай вот шепотом например какой тебя беспокоит вопрос точно это личная жизнь конечно конкретно что
573,audio_573.wav,надежных ко которые на общественном транспорте ездят чтоб хотя бы до института детей
574,audio_574.wav,не моя реальность
575,audio_575.wav,я еще на паровых начинал ебать
576,audio_576.wav,двести целых ноль десятых на мотоцикле не все могут рассказать
577,audio_577.wav,чистый чистый чистый чистый чистый чистый чистый чистый чистый чистый чистый чистый чистый чистый чистый чистый чистый чистый чистый чистый чистый чистый чистый чистый чистый чистый чистый чистый чистый чистый чистый чистый чистый чистый чистый чистый чистый чистый чистый чистый чистый чистый чистый чистый чистый чистый чистый чистый чистый чистый чистый чистый чистый чистый чистый чистый чистый чистый чистый чистый чистый чистый чистый чистый чистый чистый чистый чистый чистый чистый чистый чистый чистый чистый чистый чистый чистый чистый чистый чистый чистый чистый чистый чистый чистый чистый чистый чистый чистый чистый чистый чистый чистый чистый чистый чистый чистый чистый чистый чистый чистый чистый чистый чистый чистый чистый чистый чистый чистый чистый чистый
578,audio_578.wav,что мне сделать скажи давидыч как как сделать через сука неделю tesla хуя купил тебе
579,audio_579.wav,не думайте о том что я гнида почему вы это все вот так отметаете просто
580,audio_580.wav,так ладно азамат а чего ты вот нас спросил что что происходит а у тебя ты что молчишь как ну что ты молчишь футбал тво любимый у тебя есть только футбал правильно больше нет ничего в жизни
581,audio_581.wav,есть лучшее вообще э на на мой взгляд э серия игр это ассасин да хватит э что за слово вообще ну убийца бесшумный убийца бесшумный убийца да они они
582,audio_582.wav,а куда ты «ш» дел вот в слове ты куда дел
583,audio_583.wav,а пироль всё таки уже двадцать целых ноль десятых лет можно да
584,audio_584.wav,ну и э будем надеяться что вы будете продолжать продолжать свой замечательный мультфильм
585,audio_585.wav,ну чисто по судя по изношенности организма это примерно вот
586,audio_586.wav,а добро пожаловать спасибо ну вот э это шоу кстати э познакомься это азамат очень приятно азамат азамат это это это это
587,audio_587.wav,я выговариваю нормально леонид исаакович
588,audio_588.wav,я просто я просто извини что перебиваю наверное это неправильно я просто посмотрел э программу со стояновым да хочу пострадать меньше да
589,audio_589.wav,это леонид исаакович ермольник советский российский актер «театра i kino» запоминаю «театр i kino» лауреат государственной премии россии
590,audio_590.wav,подожди подожди подожди подожди у меня еще есть серебряный леопард серебряный леопард тоже запоминаю да у меня есть еще этот э золотое э э э орел
591,audio_591.wav,они намерены захватить новгородские земли в устье невы помимо этого шведы преследуют еще одну цель
592,audio_592.wav,некоторые историки например лев гумилев склонны считать это правдой старший сын баты был христианином он вполне мог
593,audio_593.wav, 
594,audio_594.wav,мы покажем вам то что вы не увидите на dне открытых дверей где круто учиться а где старые порядки берут верх
595,audio_595.wav,или абшарпанными стенами а не сбиться с пути и проверить действительно важное блогерам поможет опытный наставник
596,audio_596.wav,топпять целых ноль десятых фактов про niyau mifi
597,audio_597.wav,факт третий шесть целых ноль десятых сотрудников и преподавателей mefi получили нобелевскую премию круто это всё таки побольше чем повышенные стипендии
598,audio_598.wav, 
599,audio_599.wav,в мифи много интересных в не учебных пространств студенческий офис спортивный клуб и даже храм на территории видимо науке известно многое но не все
600,audio_600.wav,ну что давайте уже устроим ревузорскую проверку
601,audio_601.wav,мне двадцать один год за учусь на э приборы строителя кафедра прикладной ядерной ф ядерная физика всем привет я алина
602,audio_602.wav,вопервых это очень престижный университет а вовторых здесь есть направление экономическая безопасность
603,audio_603.wav,вот эта вот кнопка она позволяет вам телепортироваться вы вот телепортируетесь вот сюда вы смотрите я вам показываю каски у вас есть
604,audio_604.wav,ноль целых ноль десятых
605,audio_605.wav,ну арина залила активную зону холодной водой изза этого сработала система аварийной защиты
606,audio_606.wav,в принципе ничего страшного не произошло реактор заглушен его придётся заново разгонять
607,audio_607.wav,с ареной чтобы ну её отстранят от работы со ядерным реактором не подпустят больше никакому ядерному реактору за километр
608,audio_608.wav,недалеко прямо оно да не в да ну все общежития рядом находятся пешочком ходим замечательно
609,audio_609.wav,преподаватели кафедры информатики там очень много молодых ребят я вам желаю удачи все будет хорошо вы все сможете я в вас верю
610,audio_610.wav,а на текущий момент в мировой практике всего лишь пять целых ноль десятых процентов отсек донации приходится на этот способ и этот э способ осуществляется
611,audio_611.wav,и восстановление гемопутических столовых клеток крови происходит в считанные там недели донорство костного мозга это
612,audio_612.wav,поскольку вероятность того чтобы найти того самого идеального донора для конкретного пациента составляет всего лишь одна целая ноль десятых к сто целых ноль десятых тысячам то есть это очень редvspдве целых ноль десятых явление
613,audio_613.wav,кто в этом понастоящему нуждается
614,audio_614.wav,ой ответ четыре целых ноль десятых раза ну конечно это сто целых ноль десятых раз всего лишь шесть целых ноль десятых раз равно семь целых ноль десятых раз
615,audio_615.wav,иди нажимай на кнопку номер два мы с тобой прощаемся так ну попрощались это точно не нас не не не вообще я спокоен
616,audio_616.wav,мы должны vspодна целая ноль десятыхто сейчас выгнуть после такого раунда где вообще ничего не понятно там еще в первом туре с моей стороны был точно нет это номер
617,audio_617.wav,номер пять полик назывался «бумага»
618,audio_618.wav,хахаха я там бы оставил четвертый я люблю chips lava lava но не люблю людишек да
619,audio_619.wav,клоунил буду клоунить это все что должны звезды рассказывать себе смотрите ролики все будете знать
620,audio_620.wav,ну так вот
621,audio_621.wav,спасибо спасибо это это вообще номер девять
622,audio_622.wav,все спасибо спасибо не продолжайте
623,audio_623.wav,привет михаил да все абsolютно верно люблю ребятки игры люблю играть в компьютерные игры и все это стримить
624,audio_624.wav,невероятный реализм возможен благодаря работе интеллектуального процессора alpha девяносто четыре целых ноль десятых k шесть целых ноль десятых поколения исключительное качество изображения и звучания
625,audio_625.wav,много dynamic сцен снимаю сейчас все на четыре целых ноль десятыхk поэтому мне очень важно качественная картинка хорошая детализация хорошие цветопередачи всем удач всем хорошей игры
626,audio_626.wav,назад в будущее philips четыре целых ноль десятых k s ambilight даже самая мелкая деталь не останется незамеченной на экране этого телевизора
627,audio_627.wav,любители удобства и лаконичности оценят функции smart tv time shift sleep timer есть защита от детей а что насчет картинки и звука
628,audio_628.wav,нет да димка отлично не аааааааааааааааааааааааааааааааааааааааааааааааааааааааааааааааааааааааааааааааааааааааааааааааааааааааааааааааааааааааааааааааааааааааааааааааааааааааааааааааа
629,audio_629.wav,творческих людей принимало участие одни начали другие закончили но неважно все вложили свою душу получилось в итоге действительно светло
630,audio_630.wav,то денис не может то я не могу то ктото ещё не может то машина не может которую мы снимали
631,audio_631.wav,ты вообще ты собачил когданибудь
632,audio_632.wav,и её бизнесидея достойной поддержки за полтора месяца мы получили почти
633,audio_633.wav,екатеринбург сарата в сочи петербург москва свои силы решили попробовать девушке самых разных возрастов профессий по итогу кастинга были выбраны
634,audio_634.wav,ну что наш следующий член жюри – это исполнительный вицепрезидент мтс ведущий эксперт в области «цифровых инноваций»
635,audio_635.wav,эта платформа мы её называем market place брак разводных услуги
636,audio_636.wav,или онка пациентов
637,audio_637.wav,и там ж получается нет никакой хитрости все очень бесхитростно и вот такое чистое служение оно все равно если оно нужно этого мира оно должно победить это моя стратегия
638,audio_638.wav,меня зовут валерия кокшарова мне тридцать девять лет
639,audio_639.wav,оно идет много со временем чем обычный бумажный вариант
640,audio_640.wav,«дед» «сады» а «садики» для пожилых людей «с особенностями» ради победы «я готова применить находчивость сообразительность ловкость»
641,audio_641.wav,я не готова идти на какието не хорошие хитрости ради победы если они комуто сделают плохо ну а если это
